wavelength_nm,R_clear_pct,R_TaBN_pct,R_Ni_pct,R_Cr_pct,R_RuMo_pct
12.5000,2.0784,0.0446,0.0728,0.1223,0.5526
12.5101,2.0236,0.0338,0.0550,0.0995,0.5960
12.5201,1.9269,0.0256,0.0391,0.0776,0.6346
12.5302,1.7917,0.0202,0.0259,0.0578,0.6664
12.5402,1.6239,0.0177,0.0157,0.0407,0.6899
12.5503,1.4312,0.0179,0.0088,0.0271,0.7041
12.5603,1.2236,0.0204,0.0050,0.0173,0.7085
12.5704,1.0125,0.0248,0.0041,0.0111,0.7033
12.5804,0.8110,0.0302,0.0056,0.0083,0.6895
12.5905,0.6332,0.0359,0.0086,0.0084,0.6686
12.6005,0.4930,0.0412,0.0126,0.0105,0.6429
12.6106,0.4042,0.0451,0.0167,0.0138,0.6153
12.6206,0.3792,0.0473,0.0202,0.0174,0.5888
12.6307,0.4281,0.0473,0.0226,0.0207,0.5669
12.6407,0.5584,0.0448,0.0235,0.0230,0.5527
12.6508,0.7736,0.0402,0.0229,0.0241,0.5490
12.6608,1.0737,0.0338,0.0211,0.0240,0.5583
12.6709,1.4541,0.0262,0.0184,0.0230,0.5818
12.6809,1.9063,0.0184,0.0156,0.0217,0.6201
12.6910,2.4178,0.0111,0.0135,0.0209,0.6728
12.7010,2.9729,0.0055,0.0130,0.0216,0.7387
12.7111,3.5531,0.0024,0.0149,0.0248,0.8156
12.7211,4.1384,0.0027,0.0200,0.0311,0.9006
12.7312,4.7076,0.0068,0.0288,0.0414,0.9906
12.7412,5.2392,0.0150,0.0415,0.0558,1.0819
12.7513,5.7126,0.0275,0.0582,0.0745,1.1709
12.7613,6.1086,0.0438,0.0784,0.0970,1.2540
12.7714,6.4101,0.0634,0.1014,0.1225,1.3278
12.7814,6.6035,0.0854,0.1262,0.1500,1.3892
12.7915,6.6787,0.1087,0.1515,0.1779,1.4359
12.8015,6.6312,0.1321,0.1759,0.2047,1.4660
12.8116,6.4627,0.1540,0.1976,0.2286,1.4789
12.8216,6.1829,0.1733,0.2154,0.2481,1.4747
12.8317,5.8105,0.1886,0.2279,0.2618,1.4550
12.8417,5.3750,0.1991,0.2343,0.2691,1.4231
12.8518,4.9174,0.2044,0.2345,0.2700,1.3834
12.8618,4.4898,0.2047,0.2295,0.2659,1.3422
12.8719,4.1540,0.2013,0.2212,0.2590,1.3068
12.8819,3.9775,0.1960,0.2126,0.2531,1.2853
12.8920,4.0285,0.1916,0.2078,0.2528,1.2853
12.9020,4.3683,0.1916,0.2118,0.2636,1.3134
12.9121,5.0436,0.1995,0.2294,0.2906,1.3741
12.9221,6.0803,0.2185,0.2653,0.3384,1.4688
12.9322,7.4793,0.2514,0.3228,0.4101,1.5958
12.9422,9.2166,0.2998,0.4039,0.5071,1.7507
12.9523,11.2469,0.3640,0.5088,0.6286,1.9269
12.9623,13.5105,0.4432,0.6361,0.7723,2.1167
12.9724,15.9401,0.5357,0.7831,0.9342,2.3120
12.9824,18.4689,0.6392,0.9462,1.1098,2.5056
12.9925,21.0356,0.7509,1.1215,1.2941,2.6912
13.0025,23.5884,0.8680,1.3049,1.4823,2.8639
13.0126,26.0861,0.9878,1.4927,1.6702,3.0202
13.0226,28.4984,1.1079,1.6813,1.8539,3.1578
13.0327,30.8046,1.2263,1.8680,2.0305,3.2755
13.0427,32.9923,1.3412,2.0504,2.1974,3.3729
13.0528,35.0555,1.4512,2.2266,2.3530,3.4502
13.0628,36.9929,1.5553,2.3950,2.4960,3.5080
13.0729,38.8071,1.6526,2.5546,2.6253,3.5474
13.0829,40.5025,1.7425,2.7046,2.7407,3.5694
13.0930,42.0855,1.8246,2.8443,2.8420,3.5754
13.1030,43.5628,1.8986,2.9734,2.9290,3.5665
13.1131,44.9417,1.9645,3.0917,3.0022,3.5441
13.1231,46.2296,2.0221,3.1991,3.0618,3.5095
13.1332,47.4335,2.0714,3.2955,3.1085,3.4640
13.1432,48.5600,2.1127,3.3812,3.1427,3.4087
13.1533,49.6154,2.1461,3.4561,3.1651,3.3447
13.1633,50.6056,2.1717,3.5207,3.1765,3.2733
13.1734,51.5359,2.1898,3.5750,3.1777,3.1953
13.1834,52.4111,2.2007,3.6194,3.1694,3.1119
13.1935,53.2357,2.2047,3.6542,3.1526,3.0239
13.2035,54.0136,2.2020,3.6798,3.1280,2.9322
13.2136,54.7485,2.1931,3.6965,3.0965,2.8378
13.2236,55.4436,2.1783,3.7047,3.0591,2.7414
13.2337,56.1017,2.1579,3.7048,3.0165,2.6437
13.2437,56.7256,2.1323,3.6972,2.9698,2.5456
13.2538,57.3175,2.1020,3.6824,2.9198,2.4476
13.2638,57.8795,2.0674,3.6609,2.8673,2.3505
13.2739,58.4133,2.0287,3.6330,2.8132,2.2549
13.2839,58.9207,1.9866,3.5994,2.7583,2.1614
13.2940,59.4030,1.9413,3.5603,2.7035,2.0705
13.3040,59.8615,1.8933,3.5165,2.6495,1.9828
13.3141,60.2971,1.8430,3.4682,2.5971,1.8988
13.3241,60.7109,1.7909,3.4162,2.5470,1.8189
13.3342,61.1034,1.7374,3.3607,2.4997,1.7437
13.3442,61.4753,1.6829,3.3024,2.4561,1.6734
13.3543,61.8270,1.6278,3.2418,2.4165,1.6085
13.3643,62.1587,1.5725,3.1793,2.3816,1.5493
13.3744,62.4706,1.5174,3.1154,2.3518,1.4963
13.3844,62.7625,1.4630,3.0507,2.3275,1.4495
13.3945,63.0344,1.4095,2.9856,2.3091,1.4094
13.4045,63.2858,1.3574,2.9206,2.2968,1.3762
13.4146,63.5160,1.3071,2.8562,2.2908,1.3500
13.4246,63.7244,1.2588,2.7927,2.2914,1.3310
13.4347,63.9100,1.2129,2.7305,2.2985,1.3194
13.4447,64.0713,1.1697,2.6702,2.3122,1.3153
13.4548,64.2069,1.1295,2.6121,2.3325,1.3187
13.4648,64.3148,1.0925,2.5565,2.3592,1.3297
13.4749,64.3928,1.0590,2.5037,2.3920,1.3482
13.4849,64.4382,1.0293,2.4540,2.4307,1.3743
13.4950,64.4477,1.0034,2.4077,2.4749,1.4077
13.5050,64.4174,0.9816,2.3649,2.5241,1.4484
13.5151,64.3429,0.9639,2.3259,2.5777,1.4962
13.5251,64.2187,0.9505,2.2906,2.6351,1.5507
13.5352,64.0385,0.9414,2.2592,2.6955,1.6116
13.5452,63.7948,0.9365,2.2315,2.7579,1.6785
13.5553,63.4788,0.9357,2.2075,2.8213,1.7508
13.5653,63.0799,0.9391,2.1868,2.8845,1.8277
13.5754,62.5860,0.9462,2.1692,2.9461,1.9086
13.5854,61.9823,0.9567,2.1541,3.0044,1.9923
13.5955,61.2520,0.9704,2.1409,3.0577,2.0777
13.6055,60.3751,0.9864,2.1286,3.1038,2.1631
13.6156,59.3286,1.0043,2.1162,3.1404,2.2468
13.6256,58.0861,1.0229,2.1023,3.1647,2.3266
13.6357,56.6177,1.0412,2.0852,3.1739,2.3999
13.6457,54.8906,1.0578,2.0631,3.1645,2.4635
13.6558,52.8701,1.0710,2.0335,3.1329,2.5138
13.6658,50.5213,1.0790,1.9938,3.0756,2.5468
13.6759,47.8132,1.0795,1.9412,2.9889,2.5580
13.6859,44.7235,1.0702,1.8729,2.8698,2.5427
13.6960,41.2466,1.0490,1.7862,2.7164,2.4966
13.7060,37.4040,1.0137,1.6793,2.5286,2.4163
13.7161,33.2549,0.9631,1.5516,2.3093,2.2999
13.7261,28.9061,0.8972,1.4046,2.0648,2.1485
13.7362,24.5154,0.8176,1.2426,1.8056,1.9667
13.7462,20.2850,0.7280,1.0724,1.5459,1.7632
13.7563,16.4392,0.6341,0.9037,1.3024,1.5508
13.7663,13.1901,0.5426,0.7473,1.0915,1.3444
13.7764,10.6995,0.4611,0.6141,0.9269,1.1594
13.7864,9.0487,0.3958,0.5123,0.8167,1.0091
13.7965,8.2279,0.3512,0.4472,0.7625,0.9024
13.8065,8.1474,0.3293,0.4198,0.7598,0.8432
13.8166,8.6639,0.3298,0.4276,0.7994,0.8303
13.8266,9.6112,0.3502,0.4657,0.8699,0.8587
13.8367,10.8262,0.3871,0.5275,0.9594,0.9210
13.8467,12.1656,0.4363,0.6064,1.0572,1.0088
13.8568,13.5139,0.4939,0.6958,1.1540,1.1136
13.8668,14.7836,0.5559,0.7901,1.2428,1.2278
13.8769,15.9129,0.6190,0.8844,1.3185,1.3445
13.8869,16.8605,0.6805,0.9747,1.3775,1.4581
13.8970,17.6010,0.7378,1.0577,1.4176,1.5640
13.9070,18.1211,0.7892,1.1310,1.4379,1.6585
13.9171,18.4161,0.8330,1.1924,1.4382,1.7387
13.9271,18.4874,0.8681,1.2406,1.4189,1.8023
13.9372,18.3415,0.8935,1.2744,1.3813,1.8478
13.9472,17.9887,0.9087,1.2932,1.3268,1.8742
13.9573,17.4425,0.9134,1.2965,1.2574,1.8810
13.9673,16.7199,0.9075,1.2844,1.1754,1.8682
13.9774,15.8412,0.8914,1.2575,1.0835,1.8365
13.9874,14.8297,0.8656,1.2166,0.9845,1.7870
13.9975,13.7124,0.8312,1.1631,0.8815,1.7213
14.0075,12.5193,0.7894,1.0989,0.7776,1.6419
14.0176,11.2831,0.7417,1.0261,0.6760,1.5514
14.0276,10.0388,0.6901,0.9475,0.5796,1.4533
14.0377,8.8221,0.6366,0.8660,0.4912,1.3512
14.0477,7.6683,0.5834,0.7847,0.4131,1.2489
14.0578,6.6109,0.5327,0.7070,0.3471,1.1505
14.0678,5.6793,0.4866,0.6359,0.2943,1.0596
14.0779,4.8978,0.4469,0.5741,0.2551,0.9798
14.0879,4.2839,0.4151,0.5239,0.2294,0.9138
14.0980,3.8476,0.3923,0.4870,0.2163,0.8639
14.1080,3.5908,0.3790,0.4643,0.2142,0.8314
14.1181,3.5081,0.3753,0.4560,0.2214,0.8166
14.1281,3.5870,0.3807,0.4617,0.2357,0.8192
14.1382,3.8096,0.3943,0.4802,0.2548,0.8380
14.1482,4.1535,0.4150,0.5097,0.2765,0.8712
14.1583,4.5940,0.4412,0.5484,0.2987,0.9163
14.1683,5.1051,0.4714,0.5938,0.3197,0.9707
14.1784,5.6607,0.5037,0.6435,0.3379,1.0315
14.1884,6.2362,0.5366,0.6951,0.3522,1.0957
14.1985,6.8085,0.5685,0.7463,0.3619,1.1605
14.2085,7.3572,0.5980,0.7949,0.3665,1.2232
14.2186,7.8647,0.6239,0.8391,0.3658,1.2815
14.2286,8.3158,0.6451,0.8772,0.3600,1.3331
14.2387,8.6987,0.6609,0.9080,0.3495,1.3765
14.2487,9.0040,0.6707,0.9305,0.3348,1.4102
14.2588,9.2251,0.6742,0.9440,0.3166,1.4331
14.2688,9.3577,0.6713,0.9481,0.2956,1.4448
14.2789,9.4000,0.6621,0.9428,0.2724,1.4448
14.2889,9.3522,0.6469,0.9283,0.2480,1.4334
14.2990,9.2167,0.6260,0.9050,0.2230,1.4108
14.3090,8.9977,0.6003,0.8737,0.1981,1.3778
14.3191,8.7014,0.5703,0.8353,0.1739,1.3354
14.3291,8.3354,0.5370,0.7908,0.1508,1.2849
14.3392,7.9090,0.5013,0.7417,0.1294,1.2277
14.3492,7.4329,0.4642,0.6892,0.1098,1.1656
14.3593,6.9190,0.4268,0.6348,0.0922,1.1003
14.3693,6.3800,0.3900,0.5801,0.0767,1.0337
14.3794,5.8295,0.3549,0.5265,0.0633,0.9677
14.3894,5.2811,0.3223,0.4755,0.0518,0.9043
14.3995,4.7485,0.2930,0.4284,0.0422,0.8451
14.4095,4.2449,0.2677,0.3862,0.0341,0.7918
14.4196,3.7823,0.2468,0.3500,0.0274,0.7457
14.4296,3.3717,0.2307,0.3205,0.0219,0.7080
14.4397,3.0220,0.2193,0.2979,0.0173,0.6793
14.4497,2.7404,0.2128,0.2826,0.0135,0.6602
14.4598,2.5316,0.2106,0.2743,0.0104,0.6508
14.4698,2.3979,0.2125,0.2726,0.0080,0.6506
14.4799,2.3393,0.2178,0.2770,0.0062,0.6591
14.4899,2.3534,0.2258,0.2865,0.0053,0.6754
14.5000,2.4357,0.2358,0.3001,0.0052,0.6983
