x_nm,I_conv_V,I_hina_V,I_hina_H
0,0.548247,0.572399,0.572399
0.5,0.594702,0.664036,0.664036
1,0.640484,0.750357,0.750357
1.5,0.685154,0.828043,0.828043
2,0.72828,0.894109,0.894109
2.5,0.769448,0.946017,0.946017
3,0.808261,0.981772,0.981772
3.5,0.844345,1,1
4,0.877352,1,1
4.5,0.906965,0.981772,0.981772
5,0.932899,0.946017,0.946017
5.5,0.954904,0.894109,0.894109
6,0.972767,0.828043,0.828043
6.5,0.986318,0.750356,0.750356
7,0.995424,0.664036,0.664036
7.5,1,0.572399,0.572399
8,1,0.478967,0.478967
8.5,0.995424,0.38733,0.38733
9,0.986318,0.30101,0.30101
9.5,0.972767,0.223324,0.223324
10,0.954904,0.157257,0.157257
10.5,0.932899,0.105349,0.105349
11,0.906965,0.0695942,0.0695942
11.5,0.877352,0.0513665,0.0513665
12,0.844345,0.0513665,0.0513665
12.5,0.808261,0.0695942,0.0695942
13,0.769448,0.105349,0.105349
13.5,0.72828,0.157257,0.157257
14,0.685154,0.223324,0.223324
14.5,0.640484,0.30101,0.30101
15,0.594702,0.38733,0.38733
15.5,0.548247,0.478967,0.478967
16,0.501567,0.572399,0.572399
16.5,0.455112,0.664036,0.664036
17,0.40933,0.750357,0.750357
17.5,0.36466,0.828043,0.828043
18,0.321534,0.894109,0.894109
18.5,0.280366,0.946017,0.946017
19,0.241553,0.981772,0.981772
19.5,0.205469,1,1
20,0.172462,1,1
20.5,0.142849,0.981772,0.981772
21,0.116915,0.946017,0.946017
21.5,0.0949102,0.894109,0.894109
22,0.0770467,0.828043,0.828043
22.5,0.0634963,0.750356,0.750356
23,0.0543895,0.664036,0.664036
23.5,0.0498142,0.572399,0.572399
24,0.0498142,0.478967,0.478967
24.5,0.0543896,0.38733,0.38733
25,0.0634963,0.30101,0.30101
25.5,0.0770467,0.223324,0.223324
26,0.0949102,0.157257,0.157257
26.5,0.116915,0.105349,0.105349
27,0.142849,0.0695942,0.0695942
27.5,0.172462,0.0513665,0.0513665
28,0.205469,0.0513665,0.0513665
28.5,0.241553,0.0695942,0.0695942
29,0.280366,0.105349,0.105349
29.5,0.321534,0.157257,0.157257
30,0.36466,0.223324,0.223324
30.5,0.40933,0.30101,0.30101
31,0.455112,0.38733,0.38733
31.5,0.501567,0.478967,0.478967
32,0.548247,0.572399,0.572399
32.5,0.594702,0.664036,0.664036
33,0.640484,0.750357,0.750357
33.5,0.685154,0.828043,0.828043
34,0.72828,0.894109,0.894109
34.5,0.769448,0.946017,0.946017
35,0.808261,0.981772,0.981772
35.5,0.844345,1,1
36,0.877352,1,1
36.5,0.906965,0.981772,0.981772
37,0.932899,0.946017,0.946017
37.5,0.954904,0.894109,0.894109
38,0.972767,0.828043,0.828043
38.5,0.986318,0.750356,0.750356
39,0.995424,0.664036,0.664036
39.5,1,0.572399,0.572399
40,1,0.478967,0.478967
40.5,0.995424,0.38733,0.38733
41,0.986318,0.30101,0.30101
41.5,0.972767,0.223324,0.223324
42,0.954904,0.157257,0.157257
42.5,0.932899,0.105349,0.105349
43,0.906965,0.0695942,0.0695942
43.5,0.877352,0.0513665,0.0513665
44,0.844345,0.0513665,0.0513665
44.5,0.808261,0.0695942,0.0695942
45,0.769448,0.105349,0.105349
45.5,0.72828,0.157257,0.157257
46,0.685154,0.223324,0.223324
46.5,0.640484,0.30101,0.30101
47,0.594702,0.38733,0.38733
47.5,0.548247,0.478967,0.478967
48,0.501567,0.572399,0.572399
48.5,0.455112,0.664036,0.664036
49,0.40933,0.750357,0.750357
49.5,0.36466,0.828043,0.828043
50,0.321534,0.894109,0.894109
50.5,0.280366,0.946017,0.946017
51,0.241553,0.981772,0.981772
51.5,0.205469,1,1
52,0.172462,1,1
52.5,0.142849,0.981772,0.981772
53,0.116915,0.946017,0.946017
53.5,0.0949102,0.894109,0.894109
54,0.0770467,0.828043,0.828043
54.5,0.0634963,0.750356,0.750356
55,0.0543895,0.664036,0.664036
55.5,0.0498142,0.572399,0.572399
56,0.0498142,0.478967,0.478967
56.5,0.0543896,0.38733,0.38733
57,0.0634963,0.30101,0.30101
57.5,0.0770467,0.223324,0.223324
58,0.0949102,0.157257,0.157257
58.5,0.116915,0.105349,0.105349
59,0.142849,0.0695942,0.0695942
59.5,0.172462,0.0513665,0.0513665
60,0.205469,0.0513665,0.0513665
60.5,0.241553,0.0695942,0.0695942
61,0.280366,0.105349,0.105349
61.5,0.321534,0.157257,0.157257
62,0.36466,0.223324,0.223324
62.5,0.40933,0.30101,0.30101
63,0.455112,0.38733,0.38733
63.5,0.501567,0.478967,0.478967
64,0.548247,0.572399,0.572399
64.5,0.594702,0.664036,0.664036
65,0.640484,0.750357,0.750357
65.5,0.685154,0.828043,0.828043
66,0.72828,0.894109,0.894109
66.5,0.769448,0.946017,0.946017
67,0.808261,0.981772,0.981772
67.5,0.844345,1,1
68,0.877352,1,1
68.5,0.906965,0.981772,0.981772
69,0.932899,0.946017,0.946017
69.5,0.954904,0.894109,0.894109
70,0.972767,0.828043,0.828043
70.5,0.986318,0.750356,0.750356
71,0.995424,0.664036,0.664036
71.5,1,0.572399,0.572399
72,1,0.478967,0.478967
72.5,0.995424,0.38733,0.38733
73,0.986318,0.30101,0.30101
73.5,0.972767,0.223324,0.223324
74,0.954904,0.157257,0.157257
74.5,0.932899,0.105349,0.105349
75,0.906965,0.0695942,0.0695942
75.5,0.877352,0.0513665,0.0513665
76,0.844345,0.0513665,0.0513665
76.5,0.808261,0.0695942,0.0695942
77,0.769448,0.105349,0.105349
77.5,0.72828,0.157257,0.157257
78,0.685154,0.223324,0.223324
78.5,0.640484,0.30101,0.30101
79,0.594702,0.38733,0.38733
79.5,0.548247,0.478967,0.478967
80,0.501567,0.572399,0.572399
80.5,0.455112,0.664036,0.664036
81,0.40933,0.750357,0.750357
81.5,0.36466,0.828043,0.828043
82,0.321534,0.894109,0.894109
82.5,0.280366,0.946017,0.946017
83,0.241553,0.981772,0.981772
83.5,0.205469,1,1
84,0.172462,1,1
84.5,0.142849,0.981772,0.981772
85,0.116915,0.946017,0.946017
85.5,0.0949102,0.894109,0.894109
86,0.0770467,0.828043,0.828043
86.5,0.0634963,0.750356,0.750356
87,0.0543895,0.664036,0.664036
87.5,0.0498142,0.572399,0.572399
88,0.0498142,0.478967,0.478967
88.5,0.0543896,0.38733,0.38733
89,0.0634963,0.30101,0.30101
89.5,0.0770467,0.223324,0.223324
90,0.0949102,0.157257,0.157257
90.5,0.116915,0.105349,0.105349
91,0.142849,0.0695942,0.0695942
91.5,0.172462,0.0513665,0.0513665
92,0.205469,0.0513665,0.0513665
92.5,0.241553,0.0695942,0.0695942
93,0.280366,0.105349,0.105349
93.5,0.321534,0.157257,0.157257
94,0.36466,0.223324,0.223324
94.5,0.40933,0.30101,0.30101
95,0.455112,0.38733,0.38733
95.5,0.501567,0.478967,0.478967
96,0.548247,0.572399,0.572399
96.5,0.594702,0.664036,0.664036
97,0.640484,0.750357,0.750357
97.5,0.685154,0.828043,0.828043
98,0.72828,0.894109,0.894109
98.5,0.769448,0.946017,0.946017
99,0.808261,0.981772,0.981772
99.5,0.844345,1,1
100,0.877352,1,1
100.5,0.906965,0.981772,0.981772
101,0.932899,0.946017,0.946017
101.5,0.954904,0.894109,0.894109
102,0.972767,0.828043,0.828043
102.5,0.986318,0.750356,0.750356
103,0.995424,0.664036,0.664036
103.5,1,0.572399,0.572399
104,1,0.478967,0.478967
104.5,0.995424,0.38733,0.38733
105,0.986318,0.30101,0.30101
105.5,0.972767,0.223324,0.223324
106,0.954904,0.157257,0.157257
106.5,0.932899,0.105349,0.105349
107,0.906965,0.0695942,0.0695942
107.5,0.877352,0.0513665,0.0513665
108,0.844345,0.0513665,0.0513665
108.5,0.808261,0.0695942,0.0695942
109,0.769448,0.105349,0.105349
109.5,0.72828,0.157257,0.157257
110,0.685154,0.223324,0.223324
110.5,0.640484,0.30101,0.30101
111,0.594702,0.38733,0.38733
111.5,0.548247,0.478967,0.478967
112,0.501567,0.572399,0.572399
112.5,0.455112,0.664036,0.664036
113,0.40933,0.750357,0.750357
113.5,0.36466,0.828043,0.828043
114,0.321534,0.894109,0.894109
114.5,0.280366,0.946017,0.946017
115,0.241553,0.981772,0.981772
115.5,0.205469,1,1
116,0.172462,1,1
116.5,0.142849,0.981772,0.981772
117,0.116915,0.946017,0.946017
117.5,0.0949102,0.894109,0.894109
118,0.0770467,0.828043,0.828043
118.5,0.0634963,0.750356,0.750356
119,0.0543895,0.664036,0.664036
119.5,0.0498142,0.572399,0.572399
120,0.0498142,0.478967,0.478967
120.5,0.0543896,0.38733,0.38733
121,0.0634963,0.30101,0.30101
121.5,0.0770467,0.223324,0.223324
122,0.0949102,0.157257,0.157257
122.5,0.116915,0.105349,0.105349
123,0.142849,0.0695942,0.0695942
123.5,0.172462,0.0513665,0.0513665
124,0.205469,0.0513665,0.0513665
124.5,0.241553,0.0695942,0.0695942
125,0.280366,0.105349,0.105349
125.5,0.321534,0.157257,0.157257
126,0.36466,0.223324,0.223324
126.5,0.40933,0.30101,0.30101
127,0.455112,0.38733,0.38733
127.5,0.501567,0.478967,0.478967
